repeat,fold,test_row_index
0,0,1
0,0,8
0,0,17
0,0,19
0,0,21
0,0,25
0,0,27
0,0,28
0,0,31
0,0,34
0,0,36
0,0,45
0,0,49
0,0,76
0,0,80
0,0,90
0,0,91
0,0,92
0,0,93
0,0,94
0,0,96
0,0,105
0,0,110
0,0,115
0,0,116
0,0,118
0,0,128
0,0,132
0,0,135
0,0,137
0,0,139
0,0,151
0,0,153
0,0,156
0,0,160
0,0,162
0,0,166
0,0,169
0,0,176
0,0,179
0,0,181
0,0,189
0,0,190
0,0,194
0,0,214
0,0,216
0,0,224
0,0,227
0,0,242
0,0,246
0,0,250
0,0,253
0,0,262
0,0,269
0,0,272
0,0,274
0,0,278
0,0,281
0,0,293
0,0,295
0,0,308
0,0,311
0,0,319
0,0,320
0,0,325
0,0,329
0,0,334
0,0,335
0,0,341
0,0,344
0,0,345
0,0,347
0,0,348
0,0,361
0,0,363
0,0,376
0,0,382
0,0,386
0,0,391
0,0,394
0,1,2
0,1,3
0,1,14
0,1,23
0,1,26
0,1,41
0,1,47
0,1,55
0,1,63
0,1,70
0,1,73
0,1,75
0,1,78
0,1,79
0,1,81
0,1,85
0,1,97
0,1,100
0,1,101
0,1,104
0,1,108
0,1,117
0,1,123
0,1,124
0,1,127
0,1,129
0,1,143
0,1,148
0,1,150
0,1,159
0,1,163
0,1,171
0,1,178
0,1,184
0,1,185
0,1,188
0,1,191
0,1,196
0,1,201
0,1,202
0,1,204
0,1,213
0,1,215
0,1,217
0,1,228
0,1,233
0,1,235
0,1,237
0,1,244
0,1,247
0,1,254
0,1,256
0,1,259
0,1,270
0,1,271
0,1,275
0,1,282
0,1,285
0,1,287
0,1,288
0,1,296
0,1,299
0,1,300
0,1,309
0,1,310
0,1,314
0,1,316
0,1,332
0,1,337
0,1,353
0,1,356
0,1,370
0,1,371
0,1,377
0,1,379
0,1,383
0,1,384
0,1,388
0,1,393
0,1,398
0,2,0
0,2,4
0,2,9
0,2,22
0,2,29
0,2,32
0,2,35
0,2,40
0,2,42
0,2,46
0,2,50
0,2,53
0,2,54
0,2,62
0,2,64
0,2,67
0,2,72
0,2,77
0,2,86
0,2,87
0,2,89
0,2,99
0,2,102
0,2,106
0,2,109
0,2,114
0,2,119
0,2,120
0,2,131
0,2,138
0,2,140
0,2,142
0,2,144
0,2,145
0,2,154
0,2,167
0,2,170
0,2,172
0,2,183
0,2,193
0,2,198
0,2,203
0,2,223
0,2,229
0,2,230
0,2,232
0,2,234
0,2,240
0,2,245
0,2,249
0,2,255
0,2,260
0,2,263
0,2,267
0,2,279
0,2,283
0,2,286
0,2,289
0,2,290
0,2,297
0,2,301
0,2,303
0,2,307
0,2,312
0,2,323
0,2,324
0,2,326
0,2,336
0,2,338
0,2,342
0,2,350
0,2,354
0,2,355
0,2,358
0,2,365
0,2,368
0,2,372
0,2,374
0,2,390
0,2,397
0,3,5
0,3,6
0,3,7
0,3,16
0,3,18
0,3,24
0,3,37
0,3,38
0,3,39
0,3,43
0,3,48
0,3,57
0,3,58
0,3,61
0,3,65
0,3,68
0,3,71
0,3,82
0,3,84
0,3,103
0,3,107
0,3,112
0,3,121
0,3,125
0,3,126
0,3,130
0,3,134
0,3,136
0,3,141
0,3,149
0,3,152
0,3,155
0,3,158
0,3,164
0,3,165
0,3,168
0,3,174
0,3,177
0,3,182
0,3,195
0,3,206
0,3,208
0,3,212
0,3,219
0,3,221
0,3,222
0,3,225
0,3,231
0,3,243
0,3,248
0,3,252
0,3,257
0,3,261
0,3,264
0,3,266
0,3,273
0,3,280
0,3,291
0,3,292
0,3,298
0,3,315
0,3,318
0,3,322
0,3,327
0,3,328
0,3,330
0,3,331
0,3,339
0,3,340
0,3,349
0,3,352
0,3,360
0,3,362
0,3,364
0,3,375
0,3,378
0,3,387
0,3,389
0,3,392
0,3,396
0,4,10
0,4,11
0,4,12
0,4,13
0,4,15
0,4,20
0,4,30
0,4,33
0,4,44
0,4,51
0,4,52
0,4,56
0,4,59
0,4,60
0,4,66
0,4,69
0,4,74
0,4,83
0,4,88
0,4,95
0,4,98
0,4,111
0,4,113
0,4,122
0,4,133
0,4,146
0,4,147
0,4,157
0,4,161
0,4,173
0,4,175
0,4,180
0,4,186
0,4,187
0,4,192
0,4,197
0,4,199
0,4,200
0,4,205
0,4,207
0,4,209
0,4,210
0,4,211
0,4,218
0,4,220
0,4,226
0,4,236
0,4,238
0,4,239
0,4,241
0,4,251
0,4,258
0,4,265
0,4,268
0,4,276
0,4,277
0,4,284
0,4,294
0,4,302
0,4,304
0,4,305
0,4,306
0,4,313
0,4,317
0,4,321
0,4,333
0,4,343
0,4,346
0,4,351
0,4,357
0,4,359
0,4,366
0,4,367
0,4,369
0,4,373
0,4,380
0,4,381
0,4,385
0,4,395
0,4,399
1,0,3
1,0,7
1,0,11
1,0,14
1,0,15
1,0,21
1,0,23
1,0,33
1,0,44
1,0,58
1,0,72
1,0,75
1,0,78
1,0,79
1,0,86
1,0,92
1,0,94
1,0,96
1,0,103
1,0,106
1,0,113
1,0,114
1,0,116
1,0,120
1,0,137
1,0,141
1,0,145
1,0,148
1,0,149
1,0,150
1,0,151
1,0,158
1,0,161
1,0,164
1,0,169
1,0,171
1,0,175
1,0,185
1,0,187
1,0,197
1,0,201
1,0,206
1,0,210
1,0,216
1,0,221
1,0,226
1,0,234
1,0,244
1,0,246
1,0,247
1,0,256
1,0,257
1,0,260
1,0,262
1,0,266
1,0,268
1,0,278
1,0,285
1,0,293
1,0,294
1,0,301
1,0,304
1,0,312
1,0,319
1,0,320
1,0,324
1,0,328
1,0,340
1,0,346
1,0,353
1,0,359
1,0,364
1,0,370
1,0,371
1,0,373
1,0,378
1,0,382
1,0,386
1,0,387
1,0,389
1,1,0
1,1,6
1,1,20
1,1,36
1,1,41
1,1,42
1,1,43
1,1,45
1,1,47
1,1,48
1,1,51
1,1,52
1,1,53
1,1,54
1,1,56
1,1,65
1,1,67
1,1,68
1,1,69
1,1,70
1,1,82
1,1,85
1,1,91
1,1,97
1,1,100
1,1,112
1,1,118
1,1,121
1,1,123
1,1,125
1,1,131
1,1,153
1,1,163
1,1,165
1,1,172
1,1,177
1,1,183
1,1,188
1,1,202
1,1,203
1,1,212
1,1,214
1,1,225
1,1,229
1,1,236
1,1,240
1,1,243
1,1,245
1,1,248
1,1,249
1,1,254
1,1,264
1,1,269
1,1,274
1,1,277
1,1,280
1,1,283
1,1,287
1,1,295
1,1,298
1,1,303
1,1,306
1,1,307
1,1,310
1,1,311
1,1,315
1,1,316
1,1,341
1,1,349
1,1,350
1,1,355
1,1,357
1,1,361
1,1,362
1,1,369
1,1,375
1,1,379
1,1,381
1,1,388
1,1,390
1,2,5
1,2,10
1,2,13
1,2,18
1,2,22
1,2,26
1,2,30
1,2,35
1,2,37
1,2,39
1,2,49
1,2,63
1,2,73
1,2,76
1,2,77
1,2,80
1,2,81
1,2,87
1,2,89
1,2,93
1,2,95
1,2,101
1,2,104
1,2,108
1,2,115
1,2,117
1,2,126
1,2,129
1,2,130
1,2,133
1,2,136
1,2,154
1,2,156
1,2,160
1,2,168
1,2,174
1,2,176
1,2,178
1,2,192
1,2,200
1,2,204
1,2,207
1,2,213
1,2,222
1,2,223
1,2,227
1,2,231
1,2,233
1,2,238
1,2,242
1,2,252
1,2,255
1,2,263
1,2,265
1,2,267
1,2,282
1,2,288
1,2,289
1,2,290
1,2,291
1,2,299
1,2,305
1,2,308
1,2,313
1,2,317
1,2,327
1,2,329
1,2,331
1,2,333
1,2,336
1,2,343
1,2,344
1,2,348
1,2,351
1,2,358
1,2,360
1,2,380
1,2,392
1,2,393
1,2,394
1,3,4
1,3,9
1,3,12
1,3,25
1,3,29
1,3,31
1,3,34
1,3,40
1,3,46
1,3,55
1,3,59
1,3,64
1,3,66
1,3,84
1,3,90
1,3,98
1,3,99
1,3,109
1,3,110
1,3,111
1,3,122
1,3,124
1,3,134
1,3,139
1,3,142
1,3,143
1,3,144
1,3,147
1,3,152
1,3,162
1,3,170
1,3,179
1,3,182
1,3,186
1,3,190
1,3,191
1,3,193
1,3,194
1,3,195
1,3,198
1,3,199
1,3,208
1,3,209
1,3,211
1,3,217
1,3,228
1,3,232
1,3,237
1,3,239
1,3,241
1,3,250
1,3,251
1,3,258
1,3,270
1,3,271
1,3,286
1,3,296
1,3,297
1,3,309
1,3,322
1,3,323
1,3,325
1,3,326
1,3,332
1,3,337
1,3,338
1,3,339
1,3,347
1,3,352
1,3,356
1,3,363
1,3,367
1,3,368
1,3,374
1,3,377
1,3,383
1,3,384
1,3,391
1,3,396
1,3,397
1,4,1
1,4,2
1,4,8
1,4,16
1,4,17
1,4,19
1,4,24
1,4,27
1,4,28
1,4,32
1,4,38
1,4,50
1,4,57
1,4,60
1,4,61
1,4,62
1,4,71
1,4,74
1,4,83
1,4,88
1,4,102
1,4,105
1,4,107
1,4,119
1,4,127
1,4,128
1,4,132
1,4,135
1,4,138
1,4,140
1,4,146
1,4,155
1,4,157
1,4,159
1,4,166
1,4,167
1,4,173
1,4,180
1,4,181
1,4,184
1,4,189
1,4,196
1,4,205
1,4,215
1,4,218
1,4,219
1,4,220
1,4,224
1,4,230
1,4,235
1,4,253
1,4,259
1,4,261
1,4,272
1,4,273
1,4,275
1,4,276
1,4,279
1,4,281
1,4,284
1,4,292
1,4,300
1,4,302
1,4,314
1,4,318
1,4,321
1,4,330
1,4,334
1,4,335
1,4,342
1,4,345
1,4,354
1,4,365
1,4,366
1,4,372
1,4,376
1,4,385
1,4,395
1,4,398
1,4,399
2,0,4
2,0,6
2,0,7
2,0,13
2,0,15
2,0,24
2,0,26
2,0,27
2,0,30
2,0,32
2,0,35
2,0,36
2,0,38
2,0,40
2,0,42
2,0,44
2,0,45
2,0,65
2,0,67
2,0,71
2,0,83
2,0,91
2,0,93
2,0,100
2,0,102
2,0,105
2,0,109
2,0,114
2,0,115
2,0,135
2,0,137
2,0,139
2,0,156
2,0,157
2,0,158
2,0,160
2,0,166
2,0,170
2,0,175
2,0,182
2,0,188
2,0,189
2,0,191
2,0,192
2,0,200
2,0,202
2,0,215
2,0,225
2,0,226
2,0,249
2,0,256
2,0,258
2,0,268
2,0,274
2,0,277
2,0,288
2,0,293
2,0,300
2,0,303
2,0,307
2,0,318
2,0,320
2,0,327
2,0,330
2,0,331
2,0,333
2,0,334
2,0,340
2,0,349
2,0,350
2,0,356
2,0,357
2,0,360
2,0,362
2,0,372
2,0,375
2,0,382
2,0,389
2,0,392
2,0,396
2,1,1
2,1,2
2,1,12
2,1,16
2,1,17
2,1,25
2,1,39
2,1,47
2,1,52
2,1,57
2,1,60
2,1,68
2,1,69
2,1,81
2,1,85
2,1,86
2,1,92
2,1,104
2,1,106
2,1,112
2,1,122
2,1,128
2,1,129
2,1,138
2,1,143
2,1,145
2,1,146
2,1,147
2,1,151
2,1,154
2,1,163
2,1,164
2,1,172
2,1,184
2,1,193
2,1,194
2,1,198
2,1,201
2,1,203
2,1,209
2,1,213
2,1,217
2,1,219
2,1,221
2,1,227
2,1,231
2,1,236
2,1,242
2,1,243
2,1,245
2,1,262
2,1,263
2,1,266
2,1,267
2,1,273
2,1,281
2,1,286
2,1,287
2,1,290
2,1,294
2,1,304
2,1,312
2,1,313
2,1,319
2,1,321
2,1,322
2,1,328
2,1,337
2,1,339
2,1,345
2,1,359
2,1,364
2,1,365
2,1,367
2,1,373
2,1,374
2,1,380
2,1,383
2,1,390
2,1,395
2,2,0
2,2,5
2,2,10
2,2,18
2,2,21
2,2,22
2,2,23
2,2,28
2,2,29
2,2,34
2,2,37
2,2,53
2,2,55
2,2,58
2,2,73
2,2,76
2,2,84
2,2,89
2,2,98
2,2,107
2,2,110
2,2,117
2,2,119
2,2,120
2,2,131
2,2,132
2,2,142
2,2,144
2,2,150
2,2,159
2,2,162
2,2,165
2,2,168
2,2,171
2,2,176
2,2,177
2,2,179
2,2,185
2,2,187
2,2,196
2,2,197
2,2,206
2,2,207
2,2,208
2,2,214
2,2,223
2,2,228
2,2,229
2,2,238
2,2,244
2,2,250
2,2,254
2,2,259
2,2,264
2,2,269
2,2,282
2,2,283
2,2,284
2,2,291
2,2,297
2,2,302
2,2,309
2,2,311
2,2,314
2,2,315
2,2,325
2,2,329
2,2,338
2,2,341
2,2,343
2,2,346
2,2,352
2,2,361
2,2,363
2,2,368
2,2,369
2,2,370
2,2,376
2,2,387
2,2,391
2,3,8
2,3,11
2,3,19
2,3,33
2,3,41
2,3,46
2,3,48
2,3,50
2,3,51
2,3,56
2,3,64
2,3,66
2,3,72
2,3,74
2,3,77
2,3,79
2,3,80
2,3,88
2,3,90
2,3,95
2,3,99
2,3,103
2,3,108
2,3,111
2,3,113
2,3,116
2,3,121
2,3,123
2,3,124
2,3,127
2,3,134
2,3,136
2,3,140
2,3,148
2,3,149
2,3,152
2,3,153
2,3,155
2,3,169
2,3,178
2,3,183
2,3,204
2,3,212
2,3,222
2,3,232
2,3,233
2,3,235
2,3,237
2,3,246
2,3,248
2,3,251
2,3,252
2,3,253
2,3,257
2,3,260
2,3,261
2,3,265
2,3,270
2,3,280
2,3,289
2,3,292
2,3,298
2,3,301
2,3,324
2,3,326
2,3,332
2,3,335
2,3,336
2,3,342
2,3,347
2,3,351
2,3,355
2,3,366
2,3,378
2,3,379
2,3,385
2,3,386
2,3,388
2,3,394
2,3,397
2,4,3
2,4,9
2,4,14
2,4,20
2,4,31
2,4,43
2,4,49
2,4,54
2,4,59
2,4,61
2,4,62
2,4,63
2,4,70
2,4,75
2,4,78
2,4,82
2,4,87
2,4,94
2,4,96
2,4,97
2,4,101
2,4,118
2,4,125
2,4,126
2,4,130
2,4,133
2,4,141
2,4,161
2,4,167
2,4,173
2,4,174
2,4,180
2,4,181
2,4,186
2,4,190
2,4,195
2,4,199
2,4,205
2,4,210
2,4,211
2,4,216
2,4,218
2,4,220
2,4,224
2,4,230
2,4,234
2,4,239
2,4,240
2,4,241
2,4,247
2,4,255
2,4,271
2,4,272
2,4,275
2,4,276
2,4,278
2,4,279
2,4,285
2,4,295
2,4,296
2,4,299
2,4,305
2,4,306
2,4,308
2,4,310
2,4,316
2,4,317
2,4,323
2,4,344
2,4,348
2,4,353
2,4,354
2,4,358
2,4,371
2,4,377
2,4,381
2,4,384
2,4,393
2,4,398
2,4,399
3,0,3
3,0,10
3,0,26
3,0,28
3,0,32
3,0,33
3,0,38
3,0,39
3,0,41
3,0,42
3,0,47
3,0,48
3,0,49
3,0,52
3,0,58
3,0,62
3,0,67
3,0,70
3,0,82
3,0,83
3,0,90
3,0,100
3,0,106
3,0,115
3,0,124
3,0,131
3,0,146
3,0,152
3,0,157
3,0,161
3,0,165
3,0,166
3,0,168
3,0,173
3,0,187
3,0,189
3,0,201
3,0,203
3,0,204
3,0,206
3,0,213
3,0,214
3,0,215
3,0,221
3,0,222
3,0,223
3,0,228
3,0,229
3,0,237
3,0,245
3,0,251
3,0,253
3,0,255
3,0,256
3,0,265
3,0,266
3,0,267
3,0,271
3,0,285
3,0,290
3,0,291
3,0,298
3,0,301
3,0,314
3,0,317
3,0,334
3,0,342
3,0,345
3,0,349
3,0,352
3,0,357
3,0,358
3,0,364
3,0,366
3,0,369
3,0,384
3,0,386
3,0,387
3,0,391
3,0,393
3,1,5
3,1,11
3,1,12
3,1,14
3,1,16
3,1,20
3,1,21
3,1,23
3,1,35
3,1,43
3,1,60
3,1,65
3,1,66
3,1,69
3,1,79
3,1,87
3,1,88
3,1,95
3,1,103
3,1,104
3,1,113
3,1,123
3,1,126
3,1,132
3,1,138
3,1,141
3,1,142
3,1,149
3,1,151
3,1,153
3,1,156
3,1,159
3,1,167
3,1,172
3,1,174
3,1,175
3,1,177
3,1,178
3,1,184
3,1,190
3,1,196
3,1,198
3,1,200
3,1,212
3,1,216
3,1,233
3,1,234
3,1,236
3,1,240
3,1,244
3,1,252
3,1,259
3,1,261
3,1,262
3,1,264
3,1,268
3,1,272
3,1,276
3,1,281
3,1,284
3,1,293
3,1,294
3,1,302
3,1,311
3,1,321
3,1,326
3,1,331
3,1,335
3,1,337
3,1,339
3,1,343
3,1,346
3,1,350
3,1,351
3,1,355
3,1,362
3,1,373
3,1,374
3,1,383
3,1,398
3,2,0
3,2,1
3,2,15
3,2,18
3,2,25
3,2,27
3,2,29
3,2,45
3,2,53
3,2,59
3,2,61
3,2,63
3,2,64
3,2,68
3,2,77
3,2,84
3,2,86
3,2,94
3,2,98
3,2,99
3,2,109
3,2,118
3,2,121
3,2,127
3,2,133
3,2,134
3,2,135
3,2,136
3,2,139
3,2,147
3,2,148
3,2,162
3,2,176
3,2,183
3,2,188
3,2,193
3,2,195
3,2,199
3,2,202
3,2,205
3,2,207
3,2,218
3,2,219
3,2,226
3,2,232
3,2,235
3,2,238
3,2,239
3,2,246
3,2,247
3,2,283
3,2,286
3,2,297
3,2,299
3,2,300
3,2,303
3,2,304
3,2,306
3,2,309
3,2,310
3,2,315
3,2,316
3,2,323
3,2,324
3,2,325
3,2,328
3,2,332
3,2,344
3,2,348
3,2,356
3,2,360
3,2,361
3,2,363
3,2,365
3,2,367
3,2,375
3,2,378
3,2,381
3,2,394
3,2,399
3,3,2
3,3,7
3,3,9
3,3,13
3,3,17
3,3,31
3,3,34
3,3,36
3,3,37
3,3,46
3,3,50
3,3,51
3,3,54
3,3,56
3,3,73
3,3,75
3,3,76
3,3,89
3,3,92
3,3,97
3,3,101
3,3,102
3,3,107
3,3,110
3,3,116
3,3,117
3,3,119
3,3,128
3,3,140
3,3,143
3,3,144
3,3,150
3,3,155
3,3,163
3,3,164
3,3,169
3,3,170
3,3,171
3,3,180
3,3,185
3,3,191
3,3,194
3,3,210
3,3,211
3,3,220
3,3,225
3,3,227
3,3,241
3,3,243
3,3,248
3,3,260
3,3,263
3,3,269
3,3,274
3,3,275
3,3,278
3,3,279
3,3,280
3,3,282
3,3,287
3,3,305
3,3,312
3,3,313
3,3,318
3,3,322
3,3,330
3,3,338
3,3,341
3,3,353
3,3,368
3,3,372
3,3,376
3,3,377
3,3,380
3,3,382
3,3,385
3,3,389
3,3,392
3,3,395
3,3,397
3,4,4
3,4,6
3,4,8
3,4,19
3,4,22
3,4,24
3,4,30
3,4,40
3,4,44
3,4,55
3,4,57
3,4,71
3,4,72
3,4,74
3,4,78
3,4,80
3,4,81
3,4,85
3,4,91
3,4,93
3,4,96
3,4,105
3,4,108
3,4,111
3,4,112
3,4,114
3,4,120
3,4,122
3,4,125
3,4,129
3,4,130
3,4,137
3,4,145
3,4,154
3,4,158
3,4,160
3,4,179
3,4,181
3,4,182
3,4,186
3,4,192
3,4,197
3,4,208
3,4,209
3,4,217
3,4,224
3,4,230
3,4,231
3,4,242
3,4,249
3,4,250
3,4,254
3,4,257
3,4,258
3,4,270
3,4,273
3,4,277
3,4,288
3,4,289
3,4,292
3,4,295
3,4,296
3,4,307
3,4,308
3,4,319
3,4,320
3,4,327
3,4,329
3,4,333
3,4,336
3,4,340
3,4,347
3,4,354
3,4,359
3,4,370
3,4,371
3,4,379
3,4,388
3,4,390
3,4,396
4,0,0
4,0,4
4,0,5
4,0,6
4,0,7
4,0,11
4,0,12
4,0,26
4,0,27
4,0,31
4,0,48
4,0,55
4,0,64
4,0,72
4,0,73
4,0,76
4,0,80
4,0,82
4,0,90
4,0,96
4,0,103
4,0,106
4,0,117
4,0,118
4,0,121
4,0,123
4,0,124
4,0,125
4,0,126
4,0,128
4,0,130
4,0,131
4,0,133
4,0,137
4,0,151
4,0,154
4,0,159
4,0,168
4,0,169
4,0,177
4,0,180
4,0,186
4,0,203
4,0,206
4,0,217
4,0,227
4,0,231
4,0,233
4,0,234
4,0,247
4,0,259
4,0,262
4,0,267
4,0,272
4,0,282
4,0,283
4,0,286
4,0,288
4,0,296
4,0,306
4,0,313
4,0,321
4,0,324
4,0,326
4,0,335
4,0,336
4,0,337
4,0,341
4,0,346
4,0,347
4,0,356
4,0,359
4,0,364
4,0,365
4,0,367
4,0,368
4,0,384
4,0,385
4,0,386
4,0,390
4,1,1
4,1,13
4,1,14
4,1,15
4,1,24
4,1,35
4,1,40
4,1,50
4,1,57
4,1,60
4,1,61
4,1,65
4,1,68
4,1,77
4,1,78
4,1,79
4,1,84
4,1,88
4,1,95
4,1,102
4,1,104
4,1,105
4,1,112
4,1,116
4,1,119
4,1,134
4,1,144
4,1,145
4,1,147
4,1,155
4,1,156
4,1,160
4,1,167
4,1,171
4,1,174
4,1,178
4,1,192
4,1,195
4,1,202
4,1,204
4,1,208
4,1,209
4,1,228
4,1,229
4,1,230
4,1,232
4,1,235
4,1,240
4,1,241
4,1,248
4,1,253
4,1,255
4,1,260
4,1,268
4,1,269
4,1,274
4,1,275
4,1,276
4,1,278
4,1,291
4,1,300
4,1,302
4,1,305
4,1,308
4,1,310
4,1,311
4,1,316
4,1,317
4,1,323
4,1,325
4,1,328
4,1,330
4,1,352
4,1,354
4,1,362
4,1,363
4,1,374
4,1,375
4,1,379
4,1,392
4,2,19
4,2,30
4,2,34
4,2,36
4,2,39
4,2,44
4,2,45
4,2,46
4,2,51
4,2,52
4,2,63
4,2,70
4,2,71
4,2,81
4,2,87
4,2,92
4,2,93
4,2,97
4,2,99
4,2,101
4,2,113
4,2,114
4,2,122
4,2,127
4,2,129
4,2,138
4,2,140
4,2,141
4,2,142
4,2,148
4,2,158
4,2,163
4,2,175
4,2,182
4,2,184
4,2,188
4,2,190
4,2,191
4,2,193
4,2,194
4,2,205
4,2,212
4,2,216
4,2,219
4,2,220
4,2,224
4,2,236
4,2,243
4,2,244
4,2,246
4,2,251
4,2,261
4,2,266
4,2,281
4,2,284
4,2,287
4,2,292
4,2,295
4,2,297
4,2,298
4,2,303
4,2,318
4,2,320
4,2,322
4,2,339
4,2,342
4,2,344
4,2,345
4,2,348
4,2,366
4,2,376
4,2,378
4,2,380
4,2,381
4,2,382
4,2,383
4,2,388
4,2,395
4,2,396
4,2,399
4,3,8
4,3,16
4,3,17
4,3,18
4,3,20
4,3,21
4,3,33
4,3,37
4,3,41
4,3,42
4,3,49
4,3,54
4,3,56
4,3,58
4,3,62
4,3,67
4,3,69
4,3,86
4,3,89
4,3,94
4,3,107
4,3,108
4,3,109
4,3,110
4,3,115
4,3,120
4,3,132
4,3,139
4,3,152
4,3,161
4,3,165
4,3,166
4,3,170
4,3,173
4,3,179
4,3,181
4,3,185
4,3,196
4,3,197
4,3,200
4,3,201
4,3,207
4,3,210
4,3,211
4,3,215
4,3,218
4,3,223
4,3,239
4,3,245
4,3,249
4,3,250
4,3,254
4,3,258
4,3,263
4,3,264
4,3,265
4,3,289
4,3,290
4,3,299
4,3,301
4,3,304
4,3,309
4,3,314
4,3,315
4,3,319
4,3,329
4,3,331
4,3,333
4,3,334
4,3,338
4,3,340
4,3,349
4,3,353
4,3,357
4,3,360
4,3,361
4,3,370
4,3,373
4,3,387
4,3,389
4,4,2
4,4,3
4,4,9
4,4,10
4,4,22
4,4,23
4,4,25
4,4,28
4,4,29
4,4,32
4,4,38
4,4,43
4,4,47
4,4,53
4,4,59
4,4,66
4,4,74
4,4,75
4,4,83
4,4,85
4,4,91
4,4,98
4,4,100
4,4,111
4,4,135
4,4,136
4,4,143
4,4,146
4,4,149
4,4,150
4,4,153
4,4,157
4,4,162
4,4,164
4,4,172
4,4,176
4,4,183
4,4,187
4,4,189
4,4,198
4,4,199
4,4,213
4,4,214
4,4,221
4,4,222
4,4,225
4,4,226
4,4,237
4,4,238
4,4,242
4,4,252
4,4,256
4,4,257
4,4,270
4,4,271
4,4,273
4,4,277
4,4,279
4,4,280
4,4,285
4,4,293
4,4,294
4,4,307
4,4,312
4,4,327
4,4,332
4,4,343
4,4,350
4,4,351
4,4,355
4,4,358
4,4,369
4,4,371
4,4,372
4,4,377
4,4,391
4,4,393
4,4,394
4,4,397
4,4,398
5,0,0
5,0,2
5,0,3
5,0,5
5,0,6
5,0,9
5,0,16
5,0,17
5,0,18
5,0,27
5,0,28
5,0,29
5,0,33
5,0,35
5,0,38
5,0,41
5,0,43
5,0,49
5,0,62
5,0,63
5,0,66
5,0,67
5,0,74
5,0,91
5,0,92
5,0,93
5,0,99
5,0,100
5,0,103
5,0,108
5,0,122
5,0,124
5,0,131
5,0,132
5,0,134
5,0,137
5,0,149
5,0,152
5,0,155
5,0,163
5,0,168
5,0,189
5,0,206
5,0,207
5,0,216
5,0,220
5,0,223
5,0,239
5,0,242
5,0,246
5,0,256
5,0,266
5,0,273
5,0,274
5,0,276
5,0,280
5,0,286
5,0,287
5,0,289
5,0,301
5,0,311
5,0,316
5,0,318
5,0,333
5,0,334
5,0,340
5,0,343
5,0,345
5,0,351
5,0,356
5,0,357
5,0,362
5,0,366
5,0,367
5,0,368
5,0,372
5,0,378
5,0,390
5,0,396
5,0,399
5,1,7
5,1,12
5,1,15
5,1,22
5,1,30
5,1,53
5,1,59
5,1,61
5,1,64
5,1,65
5,1,75
5,1,81
5,1,82
5,1,83
5,1,97
5,1,104
5,1,105
5,1,107
5,1,109
5,1,112
5,1,114
5,1,117
5,1,119
5,1,125
5,1,127
5,1,130
5,1,138
5,1,143
5,1,150
5,1,167
5,1,180
5,1,190
5,1,192
5,1,193
5,1,194
5,1,195
5,1,197
5,1,199
5,1,209
5,1,218
5,1,222
5,1,224
5,1,230
5,1,231
5,1,234
5,1,235
5,1,241
5,1,243
5,1,245
5,1,247
5,1,251
5,1,254
5,1,258
5,1,259
5,1,263
5,1,268
5,1,272
5,1,278
5,1,279
5,1,291
5,1,296
5,1,302
5,1,310
5,1,314
5,1,323
5,1,326
5,1,331
5,1,346
5,1,355
5,1,359
5,1,361
5,1,369
5,1,373
5,1,374
5,1,375
5,1,376
5,1,384
5,1,394
5,1,397
5,1,398
5,2,8
5,2,10
5,2,11
5,2,21
5,2,23
5,2,34
5,2,46
5,2,48
5,2,56
5,2,69
5,2,70
5,2,72
5,2,77
5,2,78
5,2,80
5,2,88
5,2,96
5,2,101
5,2,102
5,2,106
5,2,110
5,2,111
5,2,113
5,2,116
5,2,120
5,2,121
5,2,123
5,2,129
5,2,139
5,2,141
5,2,144
5,2,146
5,2,147
5,2,156
5,2,157
5,2,160
5,2,165
5,2,169
5,2,173
5,2,178
5,2,187
5,2,204
5,2,205
5,2,212
5,2,213
5,2,229
5,2,232
5,2,236
5,2,248
5,2,249
5,2,252
5,2,260
5,2,261
5,2,262
5,2,267
5,2,285
5,2,294
5,2,299
5,2,303
5,2,307
5,2,313
5,2,321
5,2,322
5,2,328
5,2,338
5,2,352
5,2,353
5,2,354
5,2,358
5,2,363
5,2,365
5,2,371
5,2,377
5,2,379
5,2,380
5,2,383
5,2,385
5,2,386
5,2,391
5,2,393
5,3,1
5,3,24
5,3,25
5,3,26
5,3,32
5,3,37
5,3,42
5,3,50
5,3,51
5,3,54
5,3,55
5,3,60
5,3,76
5,3,79
5,3,84
5,3,89
5,3,126
5,3,135
5,3,136
5,3,148
5,3,153
5,3,154
5,3,158
5,3,159
5,3,161
5,3,164
5,3,166
5,3,171
5,3,174
5,3,175
5,3,177
5,3,179
5,3,182
5,3,184
5,3,188
5,3,191
5,3,196
5,3,198
5,3,200
5,3,201
5,3,203
5,3,208
5,3,210
5,3,211
5,3,215
5,3,219
5,3,226
5,3,228
5,3,237
5,3,244
5,3,253
5,3,255
5,3,264
5,3,270
5,3,271
5,3,277
5,3,281
5,3,293
5,3,300
5,3,304
5,3,305
5,3,308
5,3,309
5,3,317
5,3,320
5,3,325
5,3,327
5,3,329
5,3,330
5,3,336
5,3,337
5,3,339
5,3,342
5,3,344
5,3,360
5,3,364
5,3,370
5,3,382
5,3,389
5,3,395
5,4,4
5,4,13
5,4,14
5,4,19
5,4,20
5,4,31
5,4,36
5,4,39
5,4,40
5,4,44
5,4,45
5,4,47
5,4,52
5,4,57
5,4,58
5,4,68
5,4,71
5,4,73
5,4,85
5,4,86
5,4,87
5,4,90
5,4,94
5,4,95
5,4,98
5,4,115
5,4,118
5,4,128
5,4,133
5,4,140
5,4,142
5,4,145
5,4,151
5,4,162
5,4,170
5,4,172
5,4,176
5,4,181
5,4,183
5,4,185
5,4,186
5,4,202
5,4,214
5,4,217
5,4,221
5,4,225
5,4,227
5,4,233
5,4,238
5,4,240
5,4,250
5,4,257
5,4,265
5,4,269
5,4,275
5,4,282
5,4,283
5,4,284
5,4,288
5,4,290
5,4,292
5,4,295
5,4,297
5,4,298
5,4,306
5,4,312
5,4,315
5,4,319
5,4,324
5,4,332
5,4,335
5,4,341
5,4,347
5,4,348
5,4,349
5,4,350
5,4,381
5,4,387
5,4,388
5,4,392
6,0,3
6,0,6
6,0,19
6,0,24
6,0,31
6,0,44
6,0,46
6,0,47
6,0,54
6,0,65
6,0,77
6,0,78
6,0,96
6,0,97
6,0,100
6,0,107
6,0,109
6,0,115
6,0,117
6,0,118
6,0,122
6,0,126
6,0,130
6,0,135
6,0,147
6,0,148
6,0,168
6,0,171
6,0,173
6,0,174
6,0,182
6,0,183
6,0,186
6,0,190
6,0,199
6,0,201
6,0,204
6,0,205
6,0,206
6,0,210
6,0,215
6,0,219
6,0,220
6,0,223
6,0,225
6,0,229
6,0,232
6,0,235
6,0,240
6,0,249
6,0,250
6,0,253
6,0,254
6,0,257
6,0,258
6,0,259
6,0,272
6,0,284
6,0,288
6,0,296
6,0,297
6,0,299
6,0,302
6,0,310
6,0,313
6,0,315
6,0,319
6,0,328
6,0,330
6,0,338
6,0,346
6,0,350
6,0,356
6,0,365
6,0,378
6,0,380
6,0,385
6,0,391
6,0,395
6,0,397
6,1,0
6,1,1
6,1,9
6,1,11
6,1,14
6,1,15
6,1,16
6,1,21
6,1,25
6,1,28
6,1,37
6,1,49
6,1,59
6,1,62
6,1,63
6,1,68
6,1,81
6,1,98
6,1,105
6,1,110
6,1,114
6,1,127
6,1,131
6,1,133
6,1,136
6,1,139
6,1,141
6,1,142
6,1,145
6,1,150
6,1,157
6,1,158
6,1,165
6,1,169
6,1,170
6,1,172
6,1,176
6,1,178
6,1,179
6,1,188
6,1,189
6,1,200
6,1,214
6,1,224
6,1,228
6,1,239
6,1,243
6,1,245
6,1,247
6,1,248
6,1,264
6,1,265
6,1,273
6,1,275
6,1,276
6,1,280
6,1,283
6,1,291
6,1,295
6,1,300
6,1,305
6,1,311
6,1,314
6,1,317
6,1,318
6,1,320
6,1,322
6,1,325
6,1,342
6,1,345
6,1,347
6,1,352
6,1,353
6,1,362
6,1,373
6,1,379
6,1,382
6,1,386
6,1,389
6,1,392
6,2,12
6,2,22
6,2,26
6,2,32
6,2,33
6,2,34
6,2,35
6,2,38
6,2,40
6,2,42
6,2,45
6,2,48
6,2,58
6,2,69
6,2,70
6,2,73
6,2,75
6,2,80
6,2,84
6,2,87
6,2,91
6,2,106
6,2,108
6,2,116
6,2,121
6,2,124
6,2,129
6,2,143
6,2,149
6,2,151
6,2,154
6,2,155
6,2,156
6,2,167
6,2,177
6,2,180
6,2,181
6,2,187
6,2,191
6,2,192
6,2,194
6,2,196
6,2,202
6,2,203
6,2,207
6,2,208
6,2,211
6,2,216
6,2,226
6,2,227
6,2,252
6,2,261
6,2,263
6,2,266
6,2,270
6,2,274
6,2,282
6,2,287
6,2,298
6,2,304
6,2,308
6,2,312
6,2,321
6,2,323
6,2,333
6,2,334
6,2,335
6,2,337
6,2,344
6,2,349
6,2,354
6,2,355
6,2,357
6,2,372
6,2,374
6,2,376
6,2,381
6,2,394
6,2,398
6,2,399
6,3,4
6,3,5
6,3,10
6,3,18
6,3,23
6,3,27
6,3,29
6,3,30
6,3,41
6,3,51
6,3,53
6,3,56
6,3,57
6,3,61
6,3,66
6,3,67
6,3,71
6,3,74
6,3,82
6,3,86
6,3,95
6,3,101
6,3,103
6,3,104
6,3,112
6,3,113
6,3,119
6,3,120
6,3,123
6,3,134
6,3,137
6,3,144
6,3,146
6,3,159
6,3,160
6,3,161
6,3,163
6,3,166
6,3,185
6,3,195
6,3,198
6,3,209
6,3,212
6,3,217
6,3,222
6,3,233
6,3,236
6,3,242
6,3,244
6,3,246
6,3,255
6,3,256
6,3,260
6,3,267
6,3,269
6,3,271
6,3,278
6,3,279
6,3,285
6,3,290
6,3,292
6,3,301
6,3,306
6,3,307
6,3,326
6,3,327
6,3,331
6,3,332
6,3,336
6,3,339
6,3,340
6,3,358
6,3,360
6,3,364
6,3,368
6,3,369
6,3,383
6,3,390
6,3,393
6,3,396
6,4,2
6,4,7
6,4,8
6,4,13
6,4,17
6,4,20
6,4,36
6,4,39
6,4,43
6,4,50
6,4,52
6,4,55
6,4,60
6,4,64
6,4,72
6,4,76
6,4,79
6,4,83
6,4,85
6,4,88
6,4,89
6,4,90
6,4,92
6,4,93
6,4,94
6,4,99
6,4,102
6,4,111
6,4,125
6,4,128
6,4,132
6,4,138
6,4,140
6,4,152
6,4,153
6,4,162
6,4,164
6,4,175
6,4,184
6,4,193
6,4,197
6,4,213
6,4,218
6,4,221
6,4,230
6,4,231
6,4,234
6,4,237
6,4,238
6,4,241
6,4,251
6,4,262
6,4,268
6,4,277
6,4,281
6,4,286
6,4,289
6,4,293
6,4,294
6,4,303
6,4,309
6,4,316
6,4,324
6,4,329
6,4,341
6,4,343
6,4,348
6,4,351
6,4,359
6,4,361
6,4,363
6,4,366
6,4,367
6,4,370
6,4,371
6,4,375
6,4,377
6,4,384
6,4,387
6,4,388
7,0,0
7,0,10
7,0,25
7,0,36
7,0,37
7,0,41
7,0,47
7,0,49
7,0,52
7,0,58
7,0,59
7,0,64
7,0,65
7,0,68
7,0,71
7,0,75
7,0,79
7,0,88
7,0,92
7,0,93
7,0,96
7,0,98
7,0,108
7,0,110
7,0,113
7,0,118
7,0,119
7,0,120
7,0,124
7,0,125
7,0,131
7,0,132
7,0,146
7,0,149
7,0,153
7,0,154
7,0,155
7,0,167
7,0,175
7,0,176
7,0,177
7,0,183
7,0,184
7,0,185
7,0,193
7,0,202
7,0,210
7,0,213
7,0,220
7,0,235
7,0,250
7,0,254
7,0,259
7,0,260
7,0,263
7,0,266
7,0,272
7,0,276
7,0,280
7,0,284
7,0,287
7,0,291
7,0,292
7,0,309
7,0,312
7,0,317
7,0,327
7,0,344
7,0,348
7,0,356
7,0,360
7,0,370
7,0,371
7,0,374
7,0,375
7,0,377
7,0,379
7,0,380
7,0,393
7,0,399
7,1,1
7,1,7
7,1,12
7,1,24
7,1,26
7,1,29
7,1,34
7,1,40
7,1,50
7,1,62
7,1,63
7,1,69
7,1,70
7,1,74
7,1,89
7,1,90
7,1,95
7,1,97
7,1,101
7,1,104
7,1,107
7,1,116
7,1,126
7,1,128
7,1,129
7,1,130
7,1,135
7,1,137
7,1,138
7,1,143
7,1,144
7,1,152
7,1,162
7,1,169
7,1,171
7,1,181
7,1,187
7,1,192
7,1,195
7,1,198
7,1,200
7,1,206
7,1,211
7,1,212
7,1,219
7,1,221
7,1,222
7,1,223
7,1,228
7,1,232
7,1,251
7,1,253
7,1,256
7,1,257
7,1,264
7,1,277
7,1,278
7,1,279
7,1,283
7,1,295
7,1,307
7,1,313
7,1,318
7,1,320
7,1,323
7,1,325
7,1,326
7,1,332
7,1,337
7,1,341
7,1,342
7,1,358
7,1,362
7,1,369
7,1,376
7,1,378
7,1,385
7,1,388
7,1,390
7,1,395
7,2,2
7,2,4
7,2,6
7,2,11
7,2,17
7,2,18
7,2,20
7,2,27
7,2,35
7,2,38
7,2,48
7,2,51
7,2,72
7,2,76
7,2,77
7,2,80
7,2,81
7,2,85
7,2,86
7,2,91
7,2,94
7,2,102
7,2,114
7,2,115
7,2,117
7,2,121
7,2,139
7,2,142
7,2,147
7,2,148
7,2,150
7,2,151
7,2,156
7,2,157
7,2,160
7,2,164
7,2,170
7,2,182
7,2,194
7,2,197
7,2,207
7,2,224
7,2,225
7,2,229
7,2,236
7,2,238
7,2,239
7,2,240
7,2,242
7,2,243
7,2,255
7,2,267
7,2,268
7,2,270
7,2,273
7,2,290
7,2,293
7,2,296
7,2,297
7,2,299
7,2,300
7,2,303
7,2,305
7,2,310
7,2,311
7,2,322
7,2,324
7,2,335
7,2,336
7,2,343
7,2,347
7,2,349
7,2,357
7,2,364
7,2,368
7,2,383
7,2,386
7,2,387
7,2,391
7,2,398
7,3,5
7,3,13
7,3,14
7,3,15
7,3,16
7,3,19
7,3,22
7,3,30
7,3,31
7,3,33
7,3,44
7,3,53
7,3,57
7,3,78
7,3,83
7,3,87
7,3,99
7,3,103
7,3,105
7,3,109
7,3,111
7,3,122
7,3,123
7,3,127
7,3,140
7,3,141
7,3,145
7,3,159
7,3,161
7,3,163
7,3,165
7,3,174
7,3,178
7,3,179
7,3,191
7,3,196
7,3,199
7,3,208
7,3,215
7,3,216
7,3,218
7,3,226
7,3,227
7,3,230
7,3,237
7,3,241
7,3,245
7,3,247
7,3,248
7,3,249
7,3,252
7,3,258
7,3,262
7,3,265
7,3,275
7,3,281
7,3,286
7,3,294
7,3,298
7,3,304
7,3,306
7,3,316
7,3,319
7,3,328
7,3,329
7,3,330
7,3,346
7,3,350
7,3,351
7,3,352
7,3,354
7,3,355
7,3,361
7,3,363
7,3,367
7,3,372
7,3,373
7,3,382
7,3,389
7,3,397
7,4,3
7,4,8
7,4,9
7,4,21
7,4,23
7,4,28
7,4,32
7,4,39
7,4,42
7,4,43
7,4,45
7,4,46
7,4,54
7,4,55
7,4,56
7,4,60
7,4,61
7,4,66
7,4,67
7,4,73
7,4,82
7,4,84
7,4,100
7,4,106
7,4,112
7,4,133
7,4,134
7,4,136
7,4,158
7,4,166
7,4,168
7,4,172
7,4,173
7,4,180
7,4,186
7,4,188
7,4,189
7,4,190
7,4,201
7,4,203
7,4,204
7,4,205
7,4,209
7,4,214
7,4,217
7,4,231
7,4,233
7,4,234
7,4,244
7,4,246
7,4,261
7,4,269
7,4,271
7,4,274
7,4,282
7,4,285
7,4,288
7,4,289
7,4,301
7,4,302
7,4,308
7,4,314
7,4,315
7,4,321
7,4,331
7,4,333
7,4,334
7,4,338
7,4,339
7,4,340
7,4,345
7,4,353
7,4,359
7,4,365
7,4,366
7,4,381
7,4,384
7,4,392
7,4,394
7,4,396
8,0,1
8,0,3
8,0,8
8,0,9
8,0,22
8,0,23
8,0,25
8,0,26
8,0,27
8,0,34
8,0,38
8,0,44
8,0,52
8,0,60
8,0,71
8,0,74
8,0,75
8,0,76
8,0,96
8,0,97
8,0,116
8,0,119
8,0,133
8,0,136
8,0,138
8,0,139
8,0,140
8,0,147
8,0,151
8,0,152
8,0,154
8,0,159
8,0,162
8,0,169
8,0,170
8,0,171
8,0,176
8,0,177
8,0,179
8,0,184
8,0,199
8,0,202
8,0,209
8,0,216
8,0,221
8,0,222
8,0,223
8,0,236
8,0,239
8,0,245
8,0,263
8,0,268
8,0,271
8,0,273
8,0,277
8,0,282
8,0,283
8,0,295
8,0,298
8,0,308
8,0,313
8,0,314
8,0,320
8,0,325
8,0,328
8,0,333
8,0,334
8,0,335
8,0,343
8,0,348
8,0,360
8,0,362
8,0,363
8,0,369
8,0,375
8,0,376
8,0,384
8,0,393
8,0,394
8,0,395
8,1,4
8,1,7
8,1,10
8,1,12
8,1,28
8,1,32
8,1,33
8,1,35
8,1,42
8,1,43
8,1,45
8,1,50
8,1,54
8,1,58
8,1,61
8,1,69
8,1,81
8,1,84
8,1,102
8,1,103
8,1,109
8,1,118
8,1,123
8,1,137
8,1,143
8,1,145
8,1,150
8,1,158
8,1,160
8,1,161
8,1,164
8,1,166
8,1,172
8,1,175
8,1,180
8,1,186
8,1,191
8,1,197
8,1,198
8,1,204
8,1,206
8,1,208
8,1,213
8,1,217
8,1,220
8,1,228
8,1,229
8,1,234
8,1,235
8,1,242
8,1,261
8,1,270
8,1,284
8,1,289
8,1,293
8,1,299
8,1,303
8,1,310
8,1,311
8,1,312
8,1,317
8,1,327
8,1,330
8,1,337
8,1,338
8,1,340
8,1,345
8,1,346
8,1,352
8,1,356
8,1,357
8,1,366
8,1,367
8,1,370
8,1,372
8,1,379
8,1,381
8,1,389
8,1,390
8,1,399
8,2,2
8,2,6
8,2,11
8,2,21
8,2,24
8,2,30
8,2,31
8,2,37
8,2,40
8,2,51
8,2,56
8,2,57
8,2,59
8,2,62
8,2,64
8,2,72
8,2,78
8,2,82
8,2,83
8,2,91
8,2,93
8,2,94
8,2,104
8,2,106
8,2,112
8,2,120
8,2,124
8,2,125
8,2,131
8,2,134
8,2,146
8,2,148
8,2,155
8,2,173
8,2,178
8,2,183
8,2,185
8,2,201
8,2,207
8,2,211
8,2,214
8,2,215
8,2,219
8,2,224
8,2,225
8,2,233
8,2,237
8,2,243
8,2,246
8,2,247
8,2,251
8,2,253
8,2,255
8,2,262
8,2,264
8,2,265
8,2,276
8,2,279
8,2,280
8,2,285
8,2,286
8,2,288
8,2,296
8,2,301
8,2,306
8,2,315
8,2,316
8,2,321
8,2,324
8,2,326
8,2,339
8,2,347
8,2,351
8,2,353
8,2,358
8,2,361
8,2,378
8,2,386
8,2,391
8,2,392
8,3,0
8,3,5
8,3,13
8,3,29
8,3,36
8,3,46
8,3,47
8,3,48
8,3,49
8,3,53
8,3,55
8,3,63
8,3,65
8,3,67
8,3,70
8,3,77
8,3,80
8,3,88
8,3,89
8,3,90
8,3,95
8,3,98
8,3,99
8,3,100
8,3,107
8,3,108
8,3,113
8,3,114
8,3,115
8,3,117
8,3,122
8,3,135
8,3,149
8,3,153
8,3,156
8,3,157
8,3,163
8,3,165
8,3,174
8,3,187
8,3,189
8,3,190
8,3,196
8,3,200
8,3,212
8,3,218
8,3,227
8,3,230
8,3,232
8,3,249
8,3,252
8,3,254
8,3,258
8,3,259
8,3,267
8,3,274
8,3,290
8,3,292
8,3,297
8,3,302
8,3,307
8,3,309
8,3,319
8,3,329
8,3,332
8,3,341
8,3,342
8,3,349
8,3,350
8,3,354
8,3,355
8,3,359
8,3,364
8,3,368
8,3,373
8,3,380
8,3,385
8,3,387
8,3,396
8,3,398
8,4,14
8,4,15
8,4,16
8,4,17
8,4,18
8,4,19
8,4,20
8,4,39
8,4,41
8,4,66
8,4,68
8,4,73
8,4,79
8,4,85
8,4,86
8,4,87
8,4,92
8,4,101
8,4,105
8,4,110
8,4,111
8,4,121
8,4,126
8,4,127
8,4,128
8,4,129
8,4,130
8,4,132
8,4,141
8,4,142
8,4,144
8,4,167
8,4,168
8,4,181
8,4,182
8,4,188
8,4,192
8,4,193
8,4,194
8,4,195
8,4,203
8,4,205
8,4,210
8,4,226
8,4,231
8,4,238
8,4,240
8,4,241
8,4,244
8,4,248
8,4,250
8,4,256
8,4,257
8,4,260
8,4,266
8,4,269
8,4,272
8,4,275
8,4,278
8,4,281
8,4,287
8,4,291
8,4,294
8,4,300
8,4,304
8,4,305
8,4,318
8,4,322
8,4,323
8,4,331
8,4,336
8,4,344
8,4,365
8,4,371
8,4,374
8,4,377
8,4,382
8,4,383
8,4,388
8,4,397
9,0,0
9,0,3
9,0,9
9,0,12
9,0,21
9,0,23
9,0,24
9,0,31
9,0,35
9,0,42
9,0,44
9,0,47
9,0,48
9,0,59
9,0,67
9,0,72
9,0,81
9,0,84
9,0,86
9,0,93
9,0,95
9,0,113
9,0,118
9,0,119
9,0,124
9,0,126
9,0,128
9,0,131
9,0,132
9,0,136
9,0,144
9,0,145
9,0,148
9,0,164
9,0,171
9,0,172
9,0,183
9,0,184
9,0,185
9,0,192
9,0,198
9,0,202
9,0,210
9,0,218
9,0,219
9,0,223
9,0,224
9,0,233
9,0,236
9,0,244
9,0,250
9,0,254
9,0,261
9,0,262
9,0,264
9,0,265
9,0,267
9,0,273
9,0,283
9,0,287
9,0,291
9,0,297
9,0,301
9,0,310
9,0,316
9,0,323
9,0,326
9,0,335
9,0,341
9,0,344
9,0,351
9,0,354
9,0,365
9,0,369
9,0,370
9,0,373
9,0,378
9,0,385
9,0,392
9,0,397
9,1,4
9,1,6
9,1,8
9,1,13
9,1,14
9,1,27
9,1,29
9,1,38
9,1,39
9,1,50
9,1,53
9,1,57
9,1,58
9,1,60
9,1,61
9,1,64
9,1,68
9,1,77
9,1,78
9,1,80
9,1,82
9,1,89
9,1,96
9,1,100
9,1,102
9,1,108
9,1,110
9,1,115
9,1,116
9,1,122
9,1,125
9,1,141
9,1,151
9,1,155
9,1,156
9,1,157
9,1,165
9,1,174
9,1,177
9,1,180
9,1,187
9,1,189
9,1,199
9,1,208
9,1,212
9,1,216
9,1,232
9,1,234
9,1,235
9,1,249
9,1,255
9,1,260
9,1,269
9,1,272
9,1,277
9,1,278
9,1,289
9,1,293
9,1,294
9,1,299
9,1,300
9,1,303
9,1,320
9,1,329
9,1,333
9,1,343
9,1,346
9,1,349
9,1,352
9,1,356
9,1,358
9,1,364
9,1,366
9,1,368
9,1,376
9,1,388
9,1,389
9,1,390
9,1,393
9,1,394
9,2,1
9,2,2
9,2,5
9,2,16
9,2,19
9,2,20
9,2,22
9,2,45
9,2,51
9,2,52
9,2,66
9,2,70
9,2,71
9,2,74
9,2,75
9,2,90
9,2,92
9,2,98
9,2,103
9,2,106
9,2,109
9,2,114
9,2,117
9,2,120
9,2,129
9,2,134
9,2,138
9,2,139
9,2,140
9,2,146
9,2,149
9,2,154
9,2,158
9,2,161
9,2,166
9,2,167
9,2,168
9,2,169
9,2,186
9,2,191
9,2,194
9,2,195
9,2,196
9,2,205
9,2,225
9,2,226
9,2,237
9,2,238
9,2,240
9,2,243
9,2,251
9,2,256
9,2,258
9,2,259
9,2,266
9,2,282
9,2,284
9,2,286
9,2,292
9,2,302
9,2,305
9,2,306
9,2,324
9,2,345
9,2,347
9,2,350
9,2,355
9,2,359
9,2,360
9,2,361
9,2,362
9,2,372
9,2,374
9,2,380
9,2,381
9,2,383
9,2,386
9,2,396
9,2,398
9,2,399
9,3,10
9,3,11
9,3,18
9,3,25
9,3,33
9,3,36
9,3,37
9,3,40
9,3,41
9,3,43
9,3,46
9,3,54
9,3,55
9,3,63
9,3,65
9,3,79
9,3,85
9,3,87
9,3,88
9,3,101
9,3,107
9,3,127
9,3,130
9,3,147
9,3,150
9,3,152
9,3,153
9,3,159
9,3,162
9,3,163
9,3,170
9,3,175
9,3,178
9,3,188
9,3,193
9,3,200
9,3,201
9,3,203
9,3,207
9,3,209
9,3,217
9,3,220
9,3,222
9,3,227
9,3,229
9,3,230
9,3,231
9,3,239
9,3,241
9,3,245
9,3,257
9,3,263
9,3,271
9,3,275
9,3,276
9,3,279
9,3,281
9,3,290
9,3,296
9,3,304
9,3,311
9,3,313
9,3,314
9,3,318
9,3,319
9,3,322
9,3,325
9,3,330
9,3,331
9,3,334
9,3,336
9,3,342
9,3,348
9,3,371
9,3,375
9,3,377
9,3,379
9,3,384
9,3,387
9,3,395
9,4,7
9,4,15
9,4,17
9,4,26
9,4,28
9,4,30
9,4,32
9,4,34
9,4,49
9,4,56
9,4,62
9,4,69
9,4,73
9,4,76
9,4,83
9,4,91
9,4,94
9,4,97
9,4,99
9,4,104
9,4,105
9,4,111
9,4,112
9,4,121
9,4,123
9,4,133
9,4,135
9,4,137
9,4,142
9,4,143
9,4,160
9,4,173
9,4,176
9,4,179
9,4,181
9,4,182
9,4,190
9,4,197
9,4,204
9,4,206
9,4,211
9,4,213
9,4,214
9,4,215
9,4,221
9,4,228
9,4,242
9,4,246
9,4,247
9,4,248
9,4,252
9,4,253
9,4,268
9,4,270
9,4,274
9,4,280
9,4,285
9,4,288
9,4,295
9,4,298
9,4,307
9,4,308
9,4,309
9,4,312
9,4,315
9,4,317
9,4,321
9,4,327
9,4,328
9,4,332
9,4,337
9,4,338
9,4,339
9,4,340
9,4,353
9,4,357
9,4,363
9,4,367
9,4,382
9,4,391
