Sg,Al,Su,Rbc,Bu,Sc,Sod,Pot,Hemo,Wbcc,Rbcc,Htn,Class
1.02,1,0,1,48.1,3.65,140.5,7.31,11.95,8550.0,4.755,0,1
1.0099999999999998,0,0,1,48.1,3.65,135.5,7.31,11.95,13310.0,4.755,0,1
1.0099999999999998,4,0,0,67.15,3.65,135.5,7.31,9.35,15690.0,4.755,0,1
1.0099999999999998,3,0,1,48.1,3.65,135.5,7.31,14.55,8550.0,4.755,0,1
1.016,0,0,1,48.1,3.65,135.5,7.31,14.55,8550.0,5.345,0,1
1.023,0,0,1,48.1,3.65,135.5,7.31,16.5,6170.0,5.345,0,0
1.02,3,0,1,48.1,3.65,140.5,7.31,10.65,8550.0,3.575,1,1
1.02,0,0,1,67.15,3.65,135.5,7.31,11.95,6170.0,4.755,0,1
1.023,0,0,1,67.15,3.65,135.5,7.31,14.55,4980.0,5.345,0,0
1.0099999999999998,4,0,1,48.1,3.65,125.5,7.31,8.05,13310.0,4.165,0,1
1.023,0,0,1,48.1,3.65,140.5,7.31,13.25,8550.0,6.525,0,0
1.023,0,0,1,48.1,3.65,140.5,7.31,15.85,6170.0,5.345,0,0
1.02,0,0,1,48.1,3.65,145.5,7.31,11.95,10930.0,6.525,0,0
1.016,2,4,1,48.1,3.65,135.5,7.31,11.95,6170.0,4.755,0,1
1.023,0,0,1,67.15,3.65,135.5,7.31,15.85,6170.0,4.755,0,0
1.02,0,0,1,48.1,3.65,135.5,7.31,13.25,6170.0,4.755,0,0
1.02,0,0,1,48.1,3.65,135.5,7.31,15.85,8550.0,5.345,0,0
1.02,0,0,1,48.1,5.225,125.5,7.31,11.95,8550.0,4.755,0,1
1.02,0,0,1,48.1,3.65,145.5,7.31,11.95,8550.0,6.525,0,0
1.02,0,0,1,48.1,3.65,145.5,7.31,14.55,8550.0,5.345,0,0
1.02,0,0,1,48.1,3.65,140.5,7.31,16.5,10930.0,4.755,0,0
1.023,0,0,1,48.1,3.65,145.5,7.31,14.55,8550.0,5.9350000000000005,0,0
1.023,0,0,1,48.1,3.65,150.5,7.31,13.25,10930.0,5.9350000000000005,0,0
1.023,1,0,0,219.55,17.825,118.0,7.31,6.1,4980.0,2.985,1,1
1.023,0,0,1,48.1,3.65,140.5,7.31,16.5,6170.0,5.9350000000000005,0,0
1.02,0,0,1,48.1,3.65,140.5,7.31,15.85,4980.0,5.9350000000000005,0,0
1.016,0,0,1,48.1,3.65,135.5,7.31,11.95,6170.0,4.755,0,1
1.023,0,0,1,48.1,3.65,135.5,7.31,13.25,6170.0,4.755,0,0
1.023,0,0,1,48.1,3.65,145.5,7.31,16.5,8550.0,5.9350000000000005,0,0
1.023,0,0,1,48.1,3.65,145.5,7.31,13.25,8550.0,6.525,0,0
1.02,0,0,1,48.1,3.65,135.5,7.31,15.85,6170.0,5.345,0,0
1.007,3,0,0,67.15,3.65,135.5,7.31,9.35,8550.0,4.755,0,1
1.0099999999999998,0,0,1,67.15,3.65,135.5,7.31,11.95,8550.0,4.755,0,1
1.023,0,0,1,48.1,3.65,135.5,7.31,15.85,6170.0,5.9350000000000005,0,0
1.0099999999999998,0,0,0,48.1,3.65,135.5,7.31,14.55,4980.0,5.345,1,1
1.02,0,0,1,48.1,3.65,145.5,7.31,13.25,6170.0,6.525,0,0
1.023,0,0,1,48.1,3.65,145.5,7.31,15.85,8550.0,4.755,0,0
1.0099999999999998,0,0,1,48.1,3.65,135.5,7.31,10.65,8550.0,4.755,0,1
1.02,0,0,1,48.1,3.65,150.5,7.31,11.95,8550.0,4.755,0,0
1.02,0,0,1,48.1,3.65,140.5,7.31,16.5,6170.0,5.9350000000000005,0,0
1.023,0,0,1,48.1,3.65,140.5,7.31,16.5,6170.0,5.9350000000000005,0,0
1.016,4,0,1,67.15,3.65,130.5,7.31,10.65,8550.0,4.755,1,1
1.02,0,0,1,48.1,3.65,140.5,7.31,14.55,6170.0,4.755,0,0
1.02,2,0,0,143.35,3.65,140.5,7.31,9.35,10930.0,4.755,0,1
1.023,0,0,1,48.1,3.65,135.5,7.31,14.55,6170.0,4.755,0,0
1.02,0,0,1,48.1,3.65,135.5,7.31,11.95,8550.0,4.755,0,0
1.02,0,0,1,48.1,3.65,150.5,7.31,14.55,8550.0,6.525,0,0
1.0099999999999998,1,0,1,48.1,3.65,135.5,7.31,14.55,8550.0,4.755,0,1
1.023,0,0,1,67.15,3.65,135.5,7.31,13.25,8550.0,4.165,0,0
1.02,0,0,1,48.1,3.65,135.5,7.31,15.85,8550.0,5.345,0,0
1.0099999999999998,2,0,1,67.15,5.225,135.5,7.31,10.65,8550.0,4.755,1,1
1.02,3,0,1,67.15,3.65,135.5,7.31,11.95,8550.0,4.755,0,1
1.023,2,0,1,67.15,3.65,135.5,7.31,10.65,18070.0,3.575,0,1
1.0099999999999998,2,0,1,105.25,3.65,135.5,7.31,8.05,6170.0,4.755,0,1
1.02,0,0,1,48.1,3.65,140.5,7.31,14.55,8550.0,5.9350000000000005,0,0
1.023,0,0,1,48.1,3.65,135.5,7.31,15.85,6170.0,4.755,0,0
1.016,1,0,0,105.25,5.225,130.5,7.31,8.05,8550.0,4.755,0,1
1.0099999999999998,1,0,1,105.25,3.65,140.5,7.31,9.35,15690.0,2.985,1,1
1.02,0,0,1,67.15,3.65,145.5,7.31,9.35,8550.0,4.755,1,1
1.02,0,0,1,105.25,5.225,140.5,7.31,11.95,8550.0,4.755,1,1
1.02,0,0,1,48.1,3.65,150.5,7.31,13.25,8550.0,4.755,0,0
1.02,0,0,1,48.1,3.65,140.5,7.31,15.85,8550.0,5.345,0,0
1.02,0,0,1,48.1,3.65,145.5,7.31,13.25,8550.0,5.345,0,0
1.023,4,0,1,181.45,8.375,135.5,7.31,9.35,6170.0,3.575,1,1
1.016,0,2,1,48.1,3.65,140.5,7.31,13.25,8550.0,4.755,0,1
1.016,3,0,0,219.55,14.675,120.5,7.31,8.05,6170.0,2.69,1,1
1.023,0,0,1,48.1,3.65,145.5,7.31,14.55,8550.0,4.755,0,0
1.023,0,0,1,48.1,3.65,135.5,7.31,16.5,6170.0,6.525,0,0
1.02,0,0,1,67.15,5.225,135.5,7.31,6.75,6170.0,2.69,1,1
1.0099999999999998,3,0,0,143.35,11.524999999999999,120.5,7.31,8.05,8550.0,3.575,1,1
1.02,0,0,1,48.1,3.65,150.5,7.31,14.55,10930.0,4.755,0,0
1.0099999999999998,2,4,1,67.15,5.225,135.5,7.31,9.35,8550.0,4.755,1,1
1.016,1,0,0,67.15,3.65,135.5,7.31,11.95,8550.0,4.755,0,1
1.02,0,0,1,105.25,5.225,125.5,7.31,6.1,6170.0,4.755,1,1
1.0099999999999998,2,0,1,219.55,8.375,135.5,7.31,8.05,15690.0,2.985,0,1
1.02,0,0,1,48.1,3.65,140.5,7.31,11.95,10930.0,4.165,0,1
1.016,2,0,0,105.25,5.225,130.5,7.31,6.1,6170.0,4.755,1,1
1.02,0,0,1,48.1,3.65,145.5,7.31,15.85,8550.0,6.525,0,0
1.02,0,0,1,143.35,8.375,130.5,7.31,11.95,8550.0,4.755,1,1
1.016,2,0,1,48.1,3.65,145.5,7.31,11.95,8550.0,4.755,0,1
1.023,0,0,1,48.1,3.65,135.5,7.31,13.25,8550.0,5.345,0,0
1.02,0,0,1,48.1,3.65,140.5,7.31,16.5,8550.0,5.9350000000000005,0,0
1.016,4,3,1,181.45,5.225,135.5,42.59,8.05,6170.0,2.985,1,1
1.016,3,0,1,67.15,3.65,135.5,7.31,10.65,8550.0,4.165,1,1
1.023,0,0,1,48.1,3.65,135.5,7.31,14.55,6170.0,5.345,0,0
1.02,0,0,1,48.1,3.65,140.5,7.31,16.5,4980.0,4.755,0,0
1.0099999999999998,1,3,0,48.1,3.65,140.5,7.31,11.95,8550.0,4.755,0,1
1.02,2,0,0,105.25,8.375,118.0,7.31,9.35,10930.0,3.575,1,1
1.023,0,0,1,48.1,3.65,145.5,7.31,15.85,8550.0,5.345,0,0
1.016,0,0,1,48.1,3.65,135.5,7.31,10.65,4980.0,3.575,0,1
1.016,0,0,1,48.1,3.65,135.5,7.31,11.95,8550.0,4.755,0,1
1.02,0,0,1,143.35,8.375,140.5,7.31,10.65,8550.0,4.755,0,1
1.02,3,0,1,105.25,5.225,130.5,7.31,9.35,8550.0,4.755,1,1
1.023,1,0,1,48.1,3.65,140.5,7.31,11.95,8550.0,4.755,0,1
1.016,1,4,1,67.15,3.65,140.5,7.31,10.65,13310.0,4.165,1,1
1.0099999999999998,0,0,1,67.15,3.65,135.5,7.31,9.35,8550.0,4.755,0,1
1.02,0,0,1,67.15,3.65,150.5,7.31,15.85,6170.0,4.755,0,0
1.02,0,0,1,48.1,3.65,135.5,7.31,16.5,6170.0,5.9350000000000005,0,0
1.0099999999999998,2,1,0,219.55,14.675,130.5,7.31,8.05,15690.0,2.985,1,1
1.0099999999999998,3,0,1,48.1,3.65,135.5,7.31,11.95,8550.0,4.755,0,1
1.023,0,0,1,48.1,3.65,135.5,7.31,14.55,6170.0,5.345,0,0
1.016,2,0,0,105.25,5.225,130.5,7.31,9.35,6170.0,3.575,1,1
1.023,0,0,1,48.1,3.65,145.5,7.31,13.25,8550.0,5.345,0,0
1.02,0,0,1,67.15,3.65,150.5,7.31,15.85,10930.0,5.9350000000000005,0,0
1.016,0,0,1,48.1,3.65,135.5,7.31,11.95,6170.0,3.575,1,1
1.02,0,0,1,48.1,3.65,145.5,7.31,14.55,6170.0,5.345,0,0
1.02,0,0,1,48.1,3.65,140.5,7.31,14.55,8550.0,4.755,0,0
1.0099999999999998,4,0,1,67.15,3.65,135.5,7.31,11.95,13310.0,4.755,1,1
1.0099999999999998,3,0,1,181.45,11.524999999999999,118.0,7.31,9.35,15690.0,3.575,0,1
1.02,0,0,1,105.25,5.225,135.5,7.31,6.75,8550.0,4.755,1,1
1.02,0,0,1,48.1,3.65,125.5,7.31,9.35,6170.0,4.755,0,1
1.0099999999999998,3,0,1,181.45,14.675,135.5,9.515,6.75,4980.0,2.69,1,1
1.0099999999999998,1,3,0,67.15,3.65,140.5,7.31,11.95,10930.0,4.165,1,1
1.016,4,2,1,143.35,11.524999999999999,135.5,7.31,6.75,10930.0,4.165,1,1
1.02,4,2,1,48.1,3.65,135.5,7.31,10.65,24020.0,4.165,1,1
1.023,0,0,1,48.1,3.65,140.5,7.31,14.55,10930.0,5.345,0,0
1.02,2,0,0,67.15,3.65,135.5,7.31,10.65,8550.0,4.755,1,1
1.0099999999999998,1,0,1,105.25,5.225,135.5,7.31,13.25,8550.0,4.755,1,1
1.02,0,2,1,67.15,3.65,135.5,7.31,11.95,8550.0,4.755,0,1
1.02,0,0,1,67.15,3.65,135.5,7.31,15.85,10930.0,5.9350000000000005,0,0
1.0099999999999998,0,0,1,67.15,3.65,118.0,7.31,11.95,4980.0,3.575,1,1
1.02,0,0,1,67.15,3.65,135.5,7.31,11.95,8550.0,4.755,1,1
1.0099999999999998,3,5,0,105.25,3.65,130.5,7.31,11.95,10930.0,4.755,1,1
1.0099999999999998,2,0,0,67.15,3.65,135.5,7.31,10.65,10930.0,4.165,0,1
1.023,0,0,1,48.1,3.65,145.5,7.31,14.55,10930.0,5.345,0,0
1.0099999999999998,0,0,1,48.1,3.65,135.5,7.31,11.95,8550.0,4.755,0,1
1.0099999999999998,1,1,1,48.1,3.65,135.5,7.31,10.65,8550.0,4.755,0,1
1.0099999999999998,2,0,1,67.15,3.65,135.5,7.31,9.35,20450.0,3.575,1,1
1.016,2,0,0,143.35,5.225,135.5,7.31,8.05,8550.0,2.985,1,1
1.02,0,0,1,48.1,3.65,140.5,7.31,11.95,8550.0,4.755,0,1
1.023,0,0,1,48.1,3.65,135.5,7.31,16.5,6170.0,5.345,0,0
1.016,3,0,0,67.15,3.65,135.5,7.31,14.55,10930.0,4.755,1,1
1.023,3,0,1,48.1,3.65,135.5,7.31,11.95,8550.0,4.165,1,1
1.02,0,0,1,48.1,3.65,145.5,7.31,16.5,4980.0,4.755,0,0
1.023,0,0,1,48.1,3.65,140.5,7.31,15.85,6170.0,5.9350000000000005,0,0
1.016,1,0,1,48.1,3.65,135.5,7.31,10.65,6170.0,3.575,1,1
1.02,2,1,1,48.1,3.65,140.5,7.31,13.25,10930.0,5.9350000000000005,1,1
1.0099999999999998,3,0,0,67.15,3.65,130.5,7.31,10.65,4980.0,3.575,1,1
1.0099999999999998,2,2,1,67.15,3.65,135.5,7.31,13.25,10930.0,4.165,1,1
1.016,3,2,1,67.15,3.65,135.5,7.31,11.95,10930.0,4.755,1,1
1.016,4,2,0,67.15,8.375,140.5,7.31,8.05,8550.0,3.575,1,1
1.02,0,0,1,105.25,8.375,135.5,7.31,8.05,8550.0,4.755,1,1
1.02,0,0,1,48.1,3.65,150.5,7.31,14.55,8550.0,4.755,0,0
1.02,0,0,1,48.1,3.65,145.5,7.31,14.55,8550.0,4.755,0,0
1.0099999999999998,0,0,1,67.15,3.65,135.5,7.31,11.95,10930.0,4.165,0,1
1.016,4,4,1,48.1,3.65,135.5,7.31,10.65,6170.0,4.755,1,1
1.0099999999999998,3,3,1,67.15,5.225,130.5,7.31,10.65,8550.0,4.165,1,1
1.0099999999999998,2,0,1,48.1,3.65,130.5,7.31,11.95,8550.0,4.755,1,1
1.0099999999999998,2,0,1,67.15,3.65,135.5,7.31,10.65,8550.0,4.755,0,1
1.016,1,0,1,48.1,3.65,135.5,7.31,11.95,6170.0,4.165,1,1
1.016,2,1,1,143.35,3.65,135.5,7.31,13.25,8550.0,4.755,0,1
1.02,0,0,1,67.15,3.65,135.5,7.31,9.35,8550.0,4.755,1,1
1.016,0,0,1,48.1,3.65,140.5,7.31,9.35,10930.0,2.985,1,1
1.023,0,0,1,48.1,3.65,140.5,7.31,15.85,8550.0,4.755,0,0
1.023,0,0,1,48.1,3.65,140.5,7.31,13.25,10930.0,4.755,0,0
1.02,1,0,1,48.1,3.65,140.5,7.31,11.95,8550.0,4.755,1,1
1.0099999999999998,1,3,1,352.9,28.85,158.0,40.385000000000005,11.95,8550.0,4.755,0,1
1.0099999999999998,1,0,1,48.1,3.65,135.5,7.31,11.95,6170.0,3.575,1,1
1.023,0,0,1,48.1,3.65,135.5,7.31,16.5,6170.0,5.345,0,0
1.0099999999999998,0,0,1,67.15,3.65,135.5,7.31,9.35,8550.0,3.575,1,1
1.02,0,0,1,67.15,5.225,135.5,7.31,9.35,8550.0,4.755,1,1
1.016,3,1,1,67.15,3.65,140.5,7.31,9.35,13310.0,3.575,1,1
1.0099999999999998,0,4,1,48.1,3.65,140.5,7.31,11.95,8550.0,4.755,0,1
1.0099999999999998,4,3,1,105.25,5.225,120.5,7.31,9.35,10930.0,3.575,1,1
1.02,0,0,1,48.1,3.65,140.5,7.31,15.85,8550.0,5.345,0,0
1.02,3,0,0,105.25,5.225,130.5,7.31,11.95,8550.0,4.755,1,1
1.02,0,0,1,67.15,3.65,140.5,7.31,10.65,8550.0,4.755,1,1
1.02,2,1,0,105.25,3.65,140.5,7.31,6.1,8550.0,4.755,1,1
1.016,4,0,1,143.35,5.225,135.5,7.31,11.95,8550.0,7.41,1,1
1.007,1,0,1,48.1,3.65,135.5,7.31,10.65,6170.0,4.755,1,1
1.0099999999999998,3,0,1,67.15,3.65,135.5,7.31,10.65,6170.0,3.575,1,1
1.02,3,2,1,48.1,3.65,130.5,7.31,10.65,8550.0,4.755,1,1
1.023,0,0,1,67.15,3.65,140.5,7.31,15.85,8550.0,5.345,0,0
1.0099999999999998,0,3,1,48.1,3.65,135.5,7.31,13.25,8550.0,4.755,1,1
1.016,2,0,1,67.15,5.225,140.5,7.31,11.95,10930.0,4.165,0,1
1.016,4,0,1,143.35,5.225,135.5,7.31,11.95,15690.0,4.165,1,1
1.02,0,0,1,48.1,3.65,145.5,7.31,14.55,10930.0,5.9350000000000005,0,0
1.023,0,0,1,48.1,3.65,140.5,7.31,16.5,6170.0,5.9350000000000005,0,0
1.02,0,0,1,257.65,14.675,125.5,7.31,9.35,8550.0,4.755,1,1
1.02,0,0,1,143.35,8.375,135.5,7.31,11.95,8550.0,4.755,0,1
1.02,0,0,1,67.15,3.65,140.5,7.31,9.35,6170.0,2.69,1,1
1.0099999999999998,2,0,1,67.15,3.65,135.5,7.31,11.95,8550.0,4.755,0,1
1.023,1,3,1,48.1,3.65,135.5,7.31,11.95,8550.0,4.755,0,1
1.0099999999999998,1,0,1,67.15,3.65,140.5,7.31,11.95,8550.0,4.755,0,1
1.02,2,0,0,143.35,5.225,140.5,7.31,10.65,6170.0,4.165,1,1
1.007,0,0,1,48.1,3.65,125.5,7.31,10.65,18070.0,3.575,1,1
1.016,3,0,1,48.1,3.65,140.5,7.31,10.65,8550.0,4.165,0,1
1.02,0,0,1,48.1,3.65,150.5,7.31,14.55,10930.0,4.755,0,0
1.02,0,0,1,67.15,3.65,145.5,7.31,16.5,6170.0,4.755,0,0
1.02,0,0,1,67.15,3.65,135.5,7.31,11.95,8550.0,4.755,1,1
1.016,0,0,1,48.1,3.65,140.5,7.31,11.95,10930.0,4.165,1,1
1.02,0,0,1,67.15,3.65,135.5,7.31,14.55,8550.0,5.9350000000000005,0,0
1.016,3,4,1,181.45,8.375,130.5,7.31,10.65,10930.0,3.575,1,1
1.016,1,0,1,48.1,3.65,135.5,7.31,10.65,8550.0,4.755,1,1
1.016,2,0,1,219.55,11.524999999999999,135.5,7.31,10.65,13310.0,4.165,1,1
1.02,0,0,1,48.1,3.65,140.5,7.31,9.35,8550.0,4.755,1,1
1.02,0,0,1,67.15,3.65,135.5,7.31,8.05,8550.0,4.755,0,1
1.023,0,0,1,48.1,3.65,145.5,7.31,15.85,8550.0,6.525,0,0
1.023,0,0,1,48.1,3.65,140.5,7.31,14.55,6170.0,4.755,0,0
1.0099999999999998,2,2,1,67.15,3.65,135.5,7.31,13.25,10930.0,4.165,1,1
