Column,N missing in raw,% missing,Value filled in CSV,CKD rate | missing,CKD rate | observed,Fisher p,In original 5-col list
Rbc,152,38.0,1.0,0.9407894736842105,0.4314516129032258,6.957719503934575e-28,False
Rbcc,131,32.8,4.71,0.9465648854961832,0.4684014869888476,1.546211289638948e-23,True
Wbcc,106,26.5,8406.0,0.9339622641509434,0.5136054421768708,1.449936807268453e-16,True
Pot,88,22.0,4.63,0.9431818181818182,0.5352564102564102,2.4364848077129772e-14,True
Sod,87,21.8,137.53,0.9425287356321839,0.536741214057508,4.5994080451012396e-14,True
Hemo,52,13.0,12.53,0.8846153846153846,0.5862068965517241,1.267756011564169e-05,True
Su,49,12.2,0.0,0.8979591836734694,0.5868945868945868,1.226138590170728e-05,False
Sg,47,11.8,1.02,0.8936170212765957,0.5892351274787535,2.062230851420273e-05,False
Al,46,11.5,1.0,0.8913043478260869,0.5903954802259888,3.453784929946749e-05,False
Bu,19,4.8,57.0,0.6842105263157895,0.6220472440944882,0.6371520841303628,False
Sc,17,4.2,3.07,0.7058823529411765,0.6214099216710183,0.6120810150865614,False
Bp,12,3.0,76.0,0.8333333333333334,0.6185567010309279,0.2241928092410287,False
Htn,2,0.5,0.37,0.0,0.628140703517588,0.1400375939849624,False
