LogReg,DecisionTree,RandomForest,SVM_RBF,XGBoost,Hybrid_ANN_RF,Hybrid_ANN_XGB
0.9875,0.9875,0.9875,0.975,0.9875,0.9875,0.9875
0.975,1.0,1.0,0.975,1.0,0.975,1.0
0.975,0.9875,0.9875,0.9875,0.975,0.9875,1.0
0.9625,0.9625,0.9625,0.9625,0.975,0.9625,0.9625
1.0,0.975,1.0,1.0,1.0,1.0,1.0
0.9625,0.9625,0.975,0.9625,0.975,0.95,0.9875
0.975,0.95,0.975,1.0,0.9625,0.9875,0.9875
0.975,0.975,1.0,0.9875,1.0,1.0,1.0
1.0,0.975,0.9875,1.0,0.9875,0.9875,1.0
0.95,0.9625,0.975,0.9625,0.975,0.9625,0.9625
0.9875,0.9875,0.9875,0.9875,0.975,0.9875,0.9875
0.9625,0.975,0.975,0.9625,0.9875,0.9875,0.9875
0.975,0.9875,0.9875,0.9875,0.9875,1.0,1.0
1.0,0.9875,1.0,0.9875,1.0,0.975,0.9875
0.9625,0.95,1.0,0.975,0.9875,0.9875,0.9875
1.0,1.0,1.0,1.0,1.0,1.0,1.0
0.9875,0.9875,1.0,1.0,0.9875,0.9875,0.9875
0.9875,0.95,0.975,0.9875,0.975,0.975,0.9875
0.95,0.9875,1.0,0.95,0.9875,0.975,1.0
0.9875,0.975,0.9875,0.9875,0.9875,0.9875,0.9875
0.9875,0.95,0.9875,0.9875,0.9625,1.0,0.975
0.975,0.975,0.9875,0.9875,0.975,0.9875,0.975
0.9875,0.9875,0.9875,0.9875,0.9875,1.0,1.0
0.975,0.975,0.975,0.9875,0.9875,0.9875,0.9875
0.975,1.0,0.9875,0.975,1.0,0.975,0.975
0.9875,0.95,0.975,0.9875,0.9875,0.9875,1.0
0.95,0.975,0.9875,0.975,0.9875,0.95,1.0
0.9875,0.9875,1.0,1.0,1.0,1.0,1.0
0.9625,0.9625,0.9875,0.9625,0.975,0.9625,0.975
0.9875,0.9625,0.975,0.9875,0.975,0.9875,0.9875
0.9875,0.95,0.9625,0.975,0.95,0.975,0.975
0.975,0.9625,0.9875,0.975,0.9875,0.975,0.9875
0.9875,0.95,1.0,1.0,0.9875,1.0,0.9875
1.0,0.9625,1.0,1.0,1.0,1.0,1.0
0.975,0.975,1.0,0.975,1.0,0.9875,0.9875
0.9875,0.9625,0.975,1.0,0.975,1.0,1.0
0.9875,0.9875,1.0,0.9875,1.0,1.0,1.0
0.9625,0.975,0.9875,0.9625,1.0,0.9875,0.975
0.9625,0.975,0.975,0.975,0.975,0.95,0.975
0.9875,0.9625,0.9875,1.0,1.0,0.9875,1.0
0.9875,0.9625,0.9875,0.9875,1.0,0.9875,1.0
0.9625,0.9875,0.9875,0.975,0.9875,0.975,0.975
0.975,0.9875,0.9875,0.9875,1.0,0.9875,0.9875
0.9875,0.9625,0.975,0.975,0.975,0.975,0.9875
1.0,1.0,1.0,1.0,0.975,0.9875,1.0
0.975,0.95,0.9875,0.975,0.9875,0.9875,0.975
0.9875,0.9875,1.0,0.9875,1.0,1.0,1.0
1.0,0.975,1.0,0.9875,0.9875,1.0,1.0
0.975,0.975,0.975,0.975,0.975,0.975,0.975
0.975,0.9625,0.9875,1.0,0.9875,0.9875,0.9875
