Model,Acc %,AUC,Acc diff vs Hybrid_ANN_XGB (pp),raw p,Holm p
KNN,97.575,0.99592,-1.3250000000000008,0.08691992598310318,0.7822793338479286
NaiveBayes,91.0,0.9936799999999999,-7.9,2.291555867826139e-05,0.0002291555867826139
AdaBoost,98.15,0.9991066666666667,-0.7500000000000002,0.20726389764472358,1.0
GradBoost,98.64999999999999,0.9996666666666667,-0.24999999999999978,0.6990431618714359,1.0
ExtraTrees,99.19999999999999,0.9999133333333333,0.30000000000000027,0.6990431618714353,1.0
SoftVote_LR_RF_SVM_XGB,99.3,0.9997866666666667,0.3999999999999999,0.39166005827731,1.0
LogReg_balanced,97.925,0.99944,-0.9750000000000005,0.145946351997367,1.0
RandomForest_balanced,98.95,0.9998733333333334,0.050000000000000044,0.9382702068480715,1.0
XGBoost_weighted,98.69999999999999,0.9996133333333335,-0.19999999999999996,0.7485826313273176,1.0
ANN_alone,98.02499999999999,0.9985466666666666,-0.8750000000000002,0.19066177658012526,1.0
