Model A,Model B,Mean AUC diff (per-fold),NB raw p,NB Holm p,DeLong median p (over repeats),DeLong p<0.05 in x/10 repeats,NB Holm significant
LogReg,DecisionTree,0.02641333333333333,0.002147318585350772,0.03602717868680011,0.002558622000627224,10,True
LogReg,RandomForest,-0.00037999999999999146,0.42474837193831183,1.0,0.2726424114706841,0,False
LogReg,SVM_RBF,-0.00020000000000000017,0.2585534060838169,1.0,0.2252211440210124,0,False
LogReg,XGBoost,-0.00014666666666666384,0.8050135050076902,1.0,0.6140169872054462,0,False
LogReg,Hybrid_ANN_RF,-0.00015999999999999793,0.6858149936922915,1.0,0.49278903644385375,0,False
LogReg,Hybrid_ANN_XGB,-9.333333333333193e-05,0.8397034929138665,1.0,0.44756639573011825,0,False
DecisionTree,RandomForest,-0.026793333333333322,0.001809754974925688,0.03602717868680011,0.0023030446310948684,10,True
DecisionTree,SVM_RBF,-0.02661333333333333,0.002075808713954396,0.03602717868680011,0.0024244598891263293,10,True
DecisionTree,XGBoost,-0.026559999999999997,0.0017155799374666718,0.03602717868680011,0.002237832922826988,10,True
DecisionTree,Hybrid_ANN_RF,-0.026573333333333327,0.0018430422438084262,0.03602717868680011,0.0021650930387056757,10,True
DecisionTree,Hybrid_ANN_XGB,-0.026506666666666664,0.0017668293686088758,0.03602717868680011,0.0020937947979183455,10,True
RandomForest,SVM_RBF,0.00017999999999999128,0.6424103098757463,1.0,0.5135799044935068,0,False
RandomForest,XGBoost,0.0002333333333333276,0.4999111588790365,1.0,0.22184407520692007,0,False
RandomForest,Hybrid_ANN_RF,0.00021999999999999353,0.5861625706671048,1.0,0.27553269454043045,0,False
RandomForest,Hybrid_ANN_XGB,0.0002866666666666595,0.5067197327833493,1.0,0.3547951069463905,0,False
SVM_RBF,XGBoost,5.333333333333634e-05,0.919899637972381,1.0,0.7409003050417617,0,False
SVM_RBF,Hybrid_ANN_RF,4.000000000000225e-05,0.9135145889634584,1.0,0.5294940705899381,0,False
SVM_RBF,Hybrid_ANN_XGB,0.00010666666666666824,0.804128693830632,1.0,0.5075109902108186,0,False
XGBoost,Hybrid_ANN_RF,-1.3333333333334085e-05,0.9770702541898542,1.0,0.6585823231423014,0,False
XGBoost,Hybrid_ANN_XGB,5.33333333333319e-05,0.883660077694542,1.0,0.6956582627294774,0,False
Hybrid_ANN_RF,Hybrid_ANN_XGB,6.666666666666599e-05,0.814180373365679,1.0,0.3644505224328685,0,False
