Model,Acc %,Balanced acc %,Sens % [95% CI],Spec % [95% CI],PPV %,NPV % [95% CI],MCC,AUROC,AUPRC
ExtraTrees,99.2,99.25,"99.2 [97.1, 99.9]","99.3 [96.3, 100.0]",99.6,"98.7 [95.3, 99.8]",0.983,0.9998,0.9999
SoftVote_LR_RF_SVM_XGB,99.3,99.12,"100.0 [98.5, 100.0]","98.7 [95.3, 99.8]",99.2,"100.0 [97.5, 100.0]",0.985,0.9997,0.9998
Hybrid_ANN_XGB,98.9,98.81,"99.2 [97.1, 99.9]","98.7 [95.3, 99.8]",99.2,"98.7 [95.3, 99.8]",0.977,0.999,0.9994
RandomForest_balanced,98.95,98.77,"99.6 [97.8, 100.0]","98.0 [94.3, 99.6]",98.8,"99.3 [96.3, 100.0]",0.978,0.9998,0.9999
XGBoost_weighted,98.7,98.69,"98.8 [96.5, 99.8]","98.7 [95.3, 99.8]",99.2,"98.0 [94.3, 99.6]",0.972,0.9994,0.9996
GradBoost,98.65,98.65,"98.8 [96.5, 99.8]","98.7 [95.3, 99.8]",99.2,"98.0 [94.3, 99.6]",0.971,0.9994,0.9996
RandomForest,98.75,98.55,"99.2 [97.1, 99.9]","98.0 [94.3, 99.6]",98.8,"98.7 [95.2, 99.8]",0.973,0.9997,0.9998
XGBoost,98.6,98.52,"98.8 [96.5, 99.8]","98.0 [94.3, 99.6]",98.8,"98.0 [94.3, 99.6]",0.97,0.9994,0.9996
Hybrid_ANN_RF,98.45,98.4,"98.4 [96.0, 99.6]","98.0 [94.3, 99.6]",98.8,"97.4 [93.4, 99.3]",0.967,0.9994,0.9996
SVM_RBF,98.35,98.36,"98.4 [96.0, 99.6]","98.7 [95.3, 99.8]",99.2,"97.4 [93.4, 99.3]",0.965,0.9995,0.9997
AdaBoost,98.15,98.24,"98.0 [95.4, 99.3]","98.7 [95.3, 99.8]",99.2,"96.7 [92.5, 98.9]",0.961,0.999,0.9994
LogReg_balanced,97.93,98.22,"97.2 [94.3, 98.9]","99.3 [96.3, 100.0]",99.6,"95.5 [91.0, 98.2]",0.957,0.9993,0.9996
ANN_alone,98.02,98.13,"97.6 [94.8, 99.1]","98.7 [95.3, 99.8]",99.2,"96.1 [91.7, 98.6]",0.958,0.9979,0.9988
LogReg,97.95,98.08,"97.6 [94.8, 99.1]","98.7 [95.3, 99.8]",99.2,"96.1 [91.7, 98.6]",0.957,0.9993,0.9996
KNN,97.57,97.78,"96.8 [93.8, 98.6]","98.7 [95.3, 99.8]",99.2,"94.9 [90.1, 97.8]",0.949,0.9956,0.9968
DecisionTree,97.33,97.3,"97.6 [94.8, 99.1]","97.3 [93.3, 99.3]",98.4,"96.1 [91.6, 98.5]",0.943,0.973,0.9738
NaiveBayes,91.0,92.53,"86.4 [81.5, 90.4]","98.7 [95.3, 99.8]",99.1,"81.3 [74.9, 86.7]",0.827,0.9924,0.9947
