Characteristic,UCI-400 (training),UCI #857 (external),p,SMD
"Patients, n",400,200,,
"CKD prevalence, n (%)",250 (62.5%),128 (64.0%),0.788,
Age,55 [42-64.5] (n=391),55 [47-62.5] (n=200),0.187,-0.10
Sg,1.02 [1.01-1.02] (n=353),1.02 [1.016-1.02] (n=200),0.424,-0.01
Al *,0 [0-2] (n=354),0 [0-2] (n=200),0.727,+0.03
Su *,0 [0-0] (n=351),0 [0-0] (n=200),0.47,+0.06
Bu,42 [27-66] (n=381),48.1 [48.1-67.15] (n=200),2.3e-17,-0.33
Sc,1.3 [0.9-2.8] (n=383),3.65 [3.65-3.65] (n=200),2.48e-39,-0.34
Sod,138 [135-142] (n=313),135.5 [135.5-140.5] (n=200),0.235,+0.02
Pot,4.4 [3.8-4.9] (n=312),7.31 [7.31-7.31] (n=200),4.99e-83,-0.92
Hemo,12.65 [10.3-15] (n=348),11.95 [10.65-14.55] (n=200),0.146,+0.11
Wbcc,8000 [6500-9800] (n=294),8550 [6170-8550] (n=200),0.258,-0.12
Rbcc,4.8 [3.9-5.4] (n=269),4.755 [4.165-5.345] (n=200),0.909,-0.03
"Normal RBC, n (%)",201 (81.0%) (n=248),175 (87.5%) (n=200),0.0856,
"Hypertension, n (%)",147 (36.9%) (n=398),78 (39.0%) (n=200),0.687,
